ID,Title,Granularity,Topic,Text
The_Tortured_Poets_Department_Detailed_Production_Details,The Tortured Poets Department,Detailed,Production Details,"The Tortured Poets Department, Taylor Swift's eleventh studio album, released on April 19, 2024, through Republic Records, is a testament to Swift's evolving artistry and collaboration prowess. The album features a blend of synth-pop, folk-pop, and chamber pop, reflecting Swift's diverse musical influences and production styles. Produced by Swift herself alongside long-time collaborators Jack Antonoff and Aaron Dessner, the album encapsulates a deeply personal narrative woven through its varied musical textures.
The recording process spanned several months, taking place in renowned studios such as Electric Lady in New York City, Long Pond in Hudson Valley, and Swift's home studio in Los Angeles. Swift's meticulous attention to detail is evident in the album's intricate production, with each song layered with lush instrumentation and innovative soundscapes. The involvement of Antonoff and Dessner brought a unique dynamic to the project, with Antonoff's signature synth-pop elements complementing Dessner's folk-inspired contributions.
One of the most remarkable aspects of the album's production is the variety of recording techniques employed. At Electric Lady Studios, known for its rich history and state-of-the-art equipment, Swift and Antonoff experimented with analog synths and vintage drum machines to create the album's distinctive synth-pop sound. In contrast, sessions at Long Pond Studio, owned by Dessner, were marked by a more organic approach, utilizing live instrumentation and natural acoustics to capture the album's folk-pop essence. Swift's home studio served as a creative sanctuary where she could refine her vocals and add personal touches to each track.
The album features notable collaborations, including the lead single 'Fortnight' with Post Malone, which merges Swift's lyrical storytelling with Malone's distinct vocal style, creating a compelling fusion of genres. Another standout track, 'Florida!!!', features Florence Welch of Florence and the Machine, whose powerful vocals add a haunting quality to the song's introspective lyrics. These collaborations highlight Swift's ability to seamlessly integrate diverse musical talents into her work, enhancing the album's sonic diversity.
In addition to the high-profile collaborations, Swift worked with a team of talented musicians and engineers to bring her vision to life. Renowned mixer Serban Ghenea was responsible for the album's final sound, ensuring each track was polished and cohesive. The production also benefited from the expertise of mastering engineer Randy Merrill, who provided the finishing touches that enhanced the album's overall quality.
The thematic content of The Tortured Poets Department delves into Swift's personal experiences and reflections on fame, heartbreak, and self-discovery. Songs like 'Midnight Revelations' and 'Ephemeral Dreams' explore the transient nature of life and love, while tracks such as 'Mirrorball' and 'Invisible String' reflect on the connections and coincidences that shape our lives. The album's lyrical depth is matched by its musical complexity, with Swift experimenting with unconventional song structures and arrangements to convey her artistic vision.
The commercial success of The Tortured Poets Department is a testament to Swift's enduring popularity and the album's widespread appeal. Upon its release, the album broke several streaming records, including the highest single-day and single-week global streams on Spotify. It debuted at number one on the Billboard 200, selling over 2.6 million units in its first week. The album's success was bolstered by an extensive promotional campaign, including performances during Swift's Eras Tour, where she integrated new songs into the setlist, creating a buzz among fans and critics alike.
Critical reception to The Tortured Poets Department was initially mixed, with some reviewers critiquing the album's length and perceived lack of cohesion. However, subsequent reviews have lauded the album for its artistic ambition and emotional resonance. Critics have praised Swift's ability to continually reinvent her sound while maintaining the lyrical authenticity that has defined her career.
In summary, The Tortured Poets Department is a bold and ambitious project that showcases Taylor Swift's growth as an artist and producer. The album's rich tapestry of musical styles, combined with its introspective themes and high-profile collaborations, makes it a standout addition to Swift's discography. Its commercial success and critical acclaim further cement Swift's status as one of the most influential artists of her generation.
"
The_Tortured_Poets_Department_Detailed_Collaborations_Contributions,The Tortured Poets Department,Detailed,Collaborations and Contributions,"The Tortured Poets Department, Taylor Swift's eleventh studio album, released on April 19, 2024, through Republic Records, is a masterclass in collaboration and artistic synergy. This album showcases Swift's ability to blend her musical talents with those of her collaborators, creating a rich tapestry of sound that spans multiple genres. The involvement of key collaborators like Jack Antonoff, Aaron Dessner, Post Malone, and Florence Welch adds depth and diversity to the album, making it a standout project in Swift's discography.
Jack Antonoff, a long-time collaborator of Swift, played a significant role in shaping the sound of The Tortured Poets Department. Known for his work with artists like Lorde and Lana Del Rey, Antonoff brought his signature synth-pop sensibilities to the album. His contributions are particularly evident in tracks like 'Neon Lights' and 'Fortnight.' 'Neon Lights' features shimmering synths and an upbeat tempo that contrasts with the introspective lyrics, creating a dynamic and engaging listening experience. In 'Fortnight,' the lead single featuring Post Malone, Antonoff's production skills shine as he seamlessly blends Swift's lyrical storytelling with Malone's distinct vocal style, resulting in a compelling fusion of genres.
Aaron Dessner, known for his work with The National, brought a different flavor to the album with his folk-inspired production. His influence is most apparent in tracks like 'Invisible String' and 'Labyrinth.' 'Invisible String' is a standout track that reflects on the serendipitous moments and chance encounters that shape our lives. Dessner's use of acoustic instrumentation and natural acoustics gives the song a warm and organic feel, perfectly complementing Swift's lyrical narrative. 'Labyrinth,' on the other hand, takes listeners on a journey through the twists and turns of self-discovery, with Dessner's intricate production and haunting melodies evoking a sense of mystery and introspection.
One of the most notable collaborations on the album is with Post Malone on the track 'Fortnight.' This song merges Swift's lyrical storytelling with Malone's distinct vocal style, creating a unique blend of pop and hip-hop influences. The track's production features a combination of electronic beats and acoustic elements, highlighting the strengths of both artists. Malone's contribution adds a gritty edge to the song, while Swift's emotive lyrics and melodic sensibilities provide balance and depth.
Another standout collaboration is with Florence Welch of Florence and the Machine on the track 'Florida!!!' Welch's powerful vocals add a haunting quality to the song's introspective lyrics, creating a sense of urgency and emotional intensity. The production, which features lush orchestration and ethereal soundscapes, enhances the song's haunting atmosphere. Welch's contribution elevates the track, showcasing her vocal prowess and adding a unique dimension to the album.
The album also features contributions from a team of talented musicians and engineers who helped bring Swift's vision to life. Renowned mixer Serban Ghenea was responsible for the album's final sound, ensuring each track was polished and cohesive. Ghenea's expertise in mixing has been instrumental in creating the album's rich and layered soundscapes. Mastering engineer Randy Merrill provided the finishing touches that enhanced the album's overall quality, giving it a professional and polished sound.
In addition to the high-profile collaborations, Swift worked with several other musicians who added their unique touch to the album. Notable contributions include guitarist Bryce Dessner, who played on several tracks, and drummer Matt Berninger, whose rhythmic prowess can be heard throughout the album. These musicians, along with Swift's core team, helped create a diverse and dynamic sound that spans multiple genres and styles.
The collaborative nature of The Tortured Poets Department extends beyond the music to the album's visual and artistic elements. The album cover, photographed by Beth Garrabrant, features a black-and-white glamor shot of Swift, contributing to the album's dark academia aesthetic. The visual elements of the album, including music videos and promotional materials, were developed in collaboration with a team of designers and directors who helped bring Swift's artistic vision to life.
In summary, The Tortured Poets Department is a testament to the power of collaboration and artistic synergy. The album's rich tapestry of sound, shaped by the contributions of Jack Antonoff, Aaron Dessner, Post Malone, Florence Welch, and other talented musicians and engineers, makes it a standout project in Taylor Swift's discography. The diverse musical influences and high-profile collaborations add depth and dimension to the album, showcasing Swift's ability to seamlessly integrate diverse talents into her work. This collaborative effort has resulted in an album that is both innovative and emotionally resonant, further cementing Swift's status as one of the most influential artists of her generation.
"
The_Tortured_Poets_Department_Detailed_Commercial_Success,The Tortured Poets Department,Detailed,Commercial Success,"The Tortured Poets Department, Taylor Swift's eleventh studio album, released on April 19, 2024, through Republic Records, is not only a critical success but also a monumental commercial achievement. This album solidified Swift's status as one of the most influential and commercially successful artists of her generation. The meticulous planning, strategic marketing, and sheer quality of the album played pivotal roles in its unprecedented success. Upon its release, The Tortured Poets Department made an immediate impact on the global music market. It broke multiple streaming records, including the highest single-day and single-week global streams on Spotify. Within the first 24 hours, the album amassed over 200 million streams, surpassing previous records held by both Swift and other prominent artists. This phenomenal streaming performance was a testament to Swift's widespread appeal and the anticipation surrounding the album. The album debuted at number one on the Billboard 200 chart, selling over 2.6 million units in its first week. This impressive feat included a combination of physical album sales, digital downloads, and streaming equivalents. The album's strong debut was fueled by a comprehensive promotional campaign that engaged fans across various platforms. Swift's team leveraged social media, music streaming services, and traditional media to generate buzz and anticipation leading up to the release. Swift's promotional strategy for The Tortured Poets Department was multifaceted and innovative. Prior to the album's release, she engaged her fanbase through a series of cryptic social media posts and teasers, sparking widespread speculation and excitement. This approach created a sense of mystery and anticipation, driving fans to engage with her content and discuss potential themes and collaborations featured on the album. The release of singles like 'Fortnight' featuring Post Malone and 'Florida!!!' with Florence Welch further amplified the buzz, as each single release was accompanied by visually stunning music videos and exclusive behind-the-scenes content. In addition to digital promotion, Swift embarked on an extensive promotional tour that included high-profile performances on television shows, award ceremonies, and live-streamed events. Her performances on shows like Saturday Night Live and The Tonight Show Starring Jimmy Fallon showcased the album's standout tracks and provided a platform for Swift to discuss the album's themes and production process. These appearances helped maintain the album's momentum and kept it in the public eye. The album's success was also bolstered by Swift's Eras Tour, which featured performances of songs from The Tortured Poets Department. The tour, which sold out within minutes of ticket sales opening, included elaborate stage productions and setlists that seamlessly integrated new songs with her classic hits. The live performances of tracks like 'Midnight Revelations' and 'Invisible String' captivated audiences and received widespread acclaim, further solidifying the album's impact. The commercial success of The Tortured Poets Department extended beyond streaming and sales figures. The album inspired a range of merchandise, including vinyl editions, limited-edition box sets, and exclusive apparel. These items became highly sought after by fans and collectors, contributing to the album's overall revenue. The strategic release of these merchandise items, often timed with key promotional events or anniversaries, helped sustain interest in the album long after its initial release. Critical acclaim played a significant role in the album's commercial success. Despite some initial mixed reviews, the album was praised for its artistic ambition, lyrical depth, and innovative production. Publications like Rolling Stone, Pitchfork, and The Guardian highlighted the album's exploration of complex themes and its blend of musical styles. This positive critical reception helped attract a broader audience and reinforced Swift's reputation as a versatile and evolving artist. The Tortured Poets Department's impact on the music industry was profound. It demonstrated the power of a well-executed promotional strategy and the importance of engaging with fans across multiple platforms. Swift's ability to adapt to the changing landscape of the music industry, while maintaining her artistic integrity, set a new standard for album releases. The album's success also underscored the significance of streaming services in shaping the music market, highlighting the shift towards digital consumption. In summary, The Tortured Poets Department is a landmark album that achieved remarkable commercial success. Taylor Swift's strategic promotional efforts, combined with the album's high-quality production and lyrical depth, resulted in record-breaking sales and streaming figures. The album's impact extended beyond its commercial performance, influencing industry practices and reinforcing Swift's status as a leading figure in contemporary music. The Tortured Poets Department stands as a testament to Swift's enduring appeal and her ability to connect with audiences on a global scale.
"
The_Tortured_Poets_Department_Critical_Reception,The Tortured Poets Department,Detailed,Critical Reception,"The Tortured Poets Department, Taylor Swift's eleventh studio album, released on April 19, 2024, through Republic Records, has been the subject of extensive critical analysis and discussion. This album has garnered a range of reviews, from mixed initial reactions to more favorable assessments as its nuances and artistic depth became more apparent over time. Critics have examined the album's themes, production quality, and lyrical content, contributing to a rich discourse on its place within Swift's discography and the broader music landscape. Upon its release, The Tortured Poets Department received a mixed critical reception. Some reviewers praised Swift's bold experimentation and the album's emotional depth, while others critiqued its length and perceived lack of cohesion. Early reviews from publications like Pitchfork and Rolling Stone highlighted the album's ambitious scope but expressed reservations about its sprawling nature. Pitchfork's initial review noted that while the album contained moments of brilliance, it sometimes felt ""overly indulgent"" and ""disjointed,"" a sentiment echoed by other early critics. However, as listeners and critics had more time to delve into the album, the critical consensus began to shift. Subsequent reviews and analyses recognized the intricate layers and thematic coherence that had initially been overlooked. The Guardian published a follow-up review that praised the album's ""lyrical sophistication"" and ""musical diversity,"" noting that it offered a ""rewarding listening experience"" for those willing to engage with its depth. Similarly, Rolling Stone updated its review to highlight the album's ""innovative production"" and ""emotional resonance,"" calling it one of Swift's most ""artistically ambitious projects to date.” Critics have lauded the album's exploration of complex themes such as fame, heartbreak, and self-discovery. The New York Times described The Tortured Poets Department as a ""deeply introspective work"" that offers a ""profound commentary on the nature of celebrity and personal identity."" The review highlighted tracks like 'Neon Lights' and 'Gold Rush' as standout examples of Swift's ability to weave intricate narratives that reflect her personal experiences and broader societal issues. 'Neon Lights,' with its juxtaposition of upbeat synths and introspective lyrics, was praised for capturing the duality of public and private personas. 'Gold Rush,' on the other hand, was commended for its lush orchestration and evocative exploration of the pressures of fame. The album's production quality has also been a focal point of critical acclaim. Collaborations with producers Jack Antonoff and Aaron Dessner brought diverse musical influences that enriched the album's soundscape. Critics from NME and Billboard highlighted the synergy between Swift and her collaborators, noting how Antonoff's synth-pop elements and Dessner's folk-inspired touches created a dynamic and cohesive listening experience. NME's review emphasized that ""the fusion of styles on The Tortured Poets Department showcases Swift's versatility and willingness to push creative boundaries.” High-profile collaborations on the album, such as 'Fortnight' featuring Post Malone and 'Florida!!!' with Florence Welch, have been singled out for praise. The collaboration with Post Malone on 'Fortnight' was described by Entertainment Weekly as a ""genre-defying masterpiece"" that blends Swift's lyrical prowess with Malone's unique vocal style. Florence Welch's contribution to 'Florida!!!' was similarly celebrated, with critics noting that her powerful vocals added a ""haunting depth"" to the track's introspective lyrics. These collaborations were seen as highlights that demonstrated Swift's ability to integrate diverse talents into her work seamlessly. Beyond individual tracks, the album as a whole has been recognized for its thematic depth and emotional resonance. Critics have noted that The Tortured Poets Department is a cohesive narrative journey that requires multiple listens to fully appreciate. Variety's review called it a ""sonic tapestry"" that ""invites listeners to unravel its layers of meaning,"" praising Swift's ability to balance personal reflection with broader commentary. The review highlighted the album's closing track, 'Phoenix Rising,' as a ""triumphant conclusion"" that encapsulates the themes of resilience and renewal explored throughout the album.
The Tortured Poets Department has also been acknowledged for its impact on the music industry and its influence on contemporary pop music. Critics have noted that Swift's willingness to experiment with different genres and collaborate with a wide range of artists sets a precedent for creative freedom and artistic evolution. The album's success has been seen as a testament to Swift's ability to remain relevant and innovative in an ever-changing musical landscape. Rolling Stone's retrospective review concluded that ""The Tortured Poets Department is not just an album but a statement of artistic integrity and evolution.""
In summary, The Tortured Poets Department has received a diverse range of critical responses, evolving from mixed initial reviews to widespread acclaim as its artistic depth and thematic richness have been recognized. The album's exploration of fame, heartbreak, and self-discovery, combined with its innovative production and high-profile collaborations, has solidified its place as a significant work in Taylor Swift's discography. Critics have praised Swift's ability to push creative boundaries and produce an album that resonates both emotionally and artistically, further cementing her status as a leading figure in contemporary music.
"
Oppenheimer_Detailed_Production_Details,Oppenheimer,Detailed,Production Details,"Oppenheimer, directed by Christopher Nolan and released by Universal Pictures in 2023, is a biographical drama that meticulously chronicles the life of J. Robert Oppenheimer, the theoretical physicist known as the 'father of the atomic bomb.' This film marks a significant achievement in Nolan's directorial career, combining his distinctive narrative style with historical accuracy and technical precision to create a compelling portrayal of one of the most pivotal figures in modern history. The production of Oppenheimer was an ambitious endeavor, marked by a commitment to authenticity and attention to detail. Filming took place in multiple locations that were significant to the Manhattan Project, including Los Alamos, New Mexico, where Oppenheimer and his team developed the first nuclear weapons. The choice of real historical sites added a layer of authenticity to the film, immersing the audience in the era's atmosphere. The production team meticulously recreated the environments of the 1940s, from the laboratories and testing sites to the personal living quarters of the scientists. Christopher Nolan, known for his insistence on practical effects, continued this tradition with Oppenheimer. The film eschews heavy reliance on CGI, opting instead for practical effects and real explosions to depict the testing of nuclear weapons. This approach not only enhanced the visual realism but also underscored the gravity and impact of the events portrayed. Nolan's collaboration with special effects supervisor Scott Fisher was instrumental in achieving these realistic effects. The team employed a combination of miniature models, controlled detonations, and innovative filming techniques to recreate the Trinity test, the first detonation of a nuclear device. The cinematography, led by Nolan's frequent collaborator Hoyte van Hoytema, played a crucial role in bringing the story to life. Van Hoytema used a mixture of IMAX and 70mm film to capture the sweeping landscapes of New Mexico and the intimate moments of scientific discovery and personal turmoil. The choice of film stock contributed to the period-appropriate aesthetic, with rich textures and contrasts that evoked the look and feel of the 1940s. The cinematography's dynamic range—from the stark, sterile environments of the laboratories to the expansive, desolate beauty of the desert—created a visually engaging narrative that complemented the film's themes. Ludwig Göransson, another frequent Nolan collaborator, composed the film's score. Göransson's music added an emotional depth to the narrative, using a blend of orchestral and electronic elements to reflect the tension and drama of Oppenheimer's story. The score was carefully synchronized with the film's pacing, enhancing the emotional impact of key scenes and underscoring the film's dramatic arcs. Göransson's innovative use of sound design, including the integration of archival recordings and period-specific instruments, further immersed the audience in the historical context of the film. The production design, overseen by Nathan Crowley, was another standout aspect of the film. Crowley and his team painstakingly recreated the settings of the Manhattan Project, from the scientific laboratories to the personal spaces of the characters. Attention to detail was paramount, with period-accurate props, costumes, and set designs contributing to the film's authenticity. The design team consulted historical records, photographs, and expert advisors to ensure accuracy in every aspect of the production. This dedication to detail extended to the costumes, designed by Ellen Mirojnick, which reflected the styles and materials of the 1940s, further grounding the characters in their historical context.
Casting for Oppenheimer was a critical element of the film's production. Nolan assembled a star-studded ensemble cast, led by Cillian Murphy in the titular role. Murphy's portrayal of J. Robert Oppenheimer was widely praised for its depth and nuance, capturing both the intellectual brilliance and the emotional complexity of the character. The supporting cast included Emily Blunt as Oppenheimer's wife, Kitty; Matt Damon as General Leslie Groves; and Robert Downey Jr. as Lewis Strauss, a prominent figure in the post-war atomic energy commission. Each actor brought a unique depth to their roles, contributing to the film's overall impact.
The production process also involved extensive research and consultation with historians, scientists, and surviving members of the Manhattan Project. This research informed not only the script but also the visual and technical aspects of the film. Nolan and his team aimed to balance historical accuracy with dramatic storytelling, ensuring that the film was both educational and engaging. The inclusion of lesser-known figures and events from the Manhattan Project added richness to the narrative, highlighting the collaborative nature of scientific discovery and the diverse contributions of the project's participants.
In summary, the production of Oppenheimer was a monumental undertaking that combined meticulous research, practical effects, and a commitment to authenticity. Christopher Nolan's directorial vision, supported by an exceptional cast and crew, brought the story of J. Robert Oppenheimer to life with technical precision and emotional depth. The film's production details—from the choice of filming locations and practical effects to the score and production design—contributed to a compelling and immersive cinematic experience that honors the historical significance of its subject. Oppenheimer stands as a testament to the power of collaborative filmmaking and the importance of preserving and dramatizing historical narratives.
"
Oppenheimer_Historical_Accuracy,Oppenheimer,Detailed,Historical Accuracy,"Oppenheimer, directed by Christopher Nolan and released by Universal Pictures in 2023, is a biographical drama that rigorously adheres to historical accuracy in its portrayal of J. Robert Oppenheimer and the development of the atomic bomb during the Manhattan Project. This commitment to authenticity is evident in every aspect of the film, from the screenplay and character portrayals to the meticulously recreated settings and events. The screenplay, written by Christopher Nolan, was based on the Pulitzer Prize-winning biography 'American Prometheus: The Triumph and Tragedy of J. Robert Oppenheimer' by Kai Bird and Martin J. Sherwin. This source material provided a comprehensive and well-researched foundation for the film, ensuring that the narrative was grounded in historical fact. Nolan's adaptation remains faithful to the book, capturing the complexity of Oppenheimer's character and the moral and ethical dilemmas he faced. Central to the film's historical accuracy is the portrayal of J. Robert Oppenheimer, played by Cillian Murphy. Murphy's performance was informed by extensive research, including Oppenheimer's writings, speeches, and recorded interviews. Murphy meticulously studied Oppenheimer's mannerisms, speech patterns, and personal idiosyncrasies to deliver a nuanced and authentic portrayal. The film does not shy away from depicting Oppenheimer's personal flaws and controversial decisions, providing a balanced view of his legacy. The supporting cast, including Emily Blunt as Kitty Oppenheimer, Matt Damon as General Leslie Groves, and Robert Downey Jr. as Lewis Strauss, also delivered historically accurate performances. Each actor delved into their character's historical background, consulting biographies, letters, and other primary sources. For example, Blunt's portrayal of Kitty Oppenheimer reflects the complex dynamics of their marriage, including her struggles with alcoholism and her own scientific background. One of the most striking aspects of Oppenheimer's historical accuracy is its depiction of the Manhattan Project's key events and locations. The film was shot on location in Los Alamos, New Mexico, where the original project took place. The production team worked closely with historians and scientists to recreate the period accurately, from the architecture and layout of the Los Alamos laboratories to the personal quarters of the scientists. The attention to detail extends to the scientific equipment used in the film, which was recreated based on historical photographs and documents. The Trinity test, the first detonation of a nuclear device, is a centerpiece of the film and is depicted with remarkable accuracy. Nolan's decision to use practical effects rather than CGI for the explosion underscored the event's gravity and historical significance. The film consulted with physicists and engineers to accurately recreate the conditions and appearance of the test, including the blinding flash of light and the subsequent mushroom cloud. The portrayal of the Trinity test captures the awe and terror experienced by the scientists witnessing the event. The film also explores the broader historical context of the Manhattan Project, including the geopolitical tensions of World War II and the ethical debates surrounding the use of nuclear weapons. Scenes depicting Oppenheimer's interactions with military officials, government representatives, and fellow scientists are based on documented meetings and correspondence. The film highlights key figures such as General Leslie Groves, who oversaw the project, and scientists like Enrico Fermi and Richard Feynman, providing a comprehensive view of the collaborative effort behind the atomic bomb.
Oppenheimer's post-war activities, including his role in the Atomic Energy Commission and his eventual downfall during the Red Scare, are also portrayed with historical accuracy. Robert Downey Jr.'s depiction of Lewis Strauss, a significant antagonist in Oppenheimer's later life, reflects the political intrigue and personal vendettas that characterized this period. The film delves into Oppenheimer's security hearings and the accusations of communist sympathies that led to his public disgrace, drawing from transcripts and contemporary accounts.
The film's production design, overseen by Nathan Crowley, further enhances its historical authenticity. Crowley and his team used historical photographs, blueprints, and firsthand accounts to recreate the environments of the 1940s. The costumes, designed by Ellen Mirojnick, are period-accurate, reflecting the fashion and materials of the time. This attention to detail extends to the film's smaller elements, such as the scientific notebooks, personal artifacts, and even the type of paper and ink used for documents.
The soundtrack, composed by Ludwig Göransson, integrates period-specific musical elements and archival recordings to enhance the film's historical atmosphere. Göransson's score blends orchestral and electronic music, reflecting the era's technological advancements and the emotional intensity of the narrative. The use of period-appropriate instruments and recording techniques adds an additional layer of authenticity to the film's soundscape.
In summary, Oppenheimer is a meticulously researched and historically accurate portrayal of one of the most significant figures and events of the 20th century. Christopher Nolan's commitment to authenticity, supported by a dedicated cast and crew, results in a film that not only entertains but also educates its audience about the complexities of the Manhattan Project and the moral implications of nuclear weapons. The film's accurate depiction of historical events, locations, and characters ensures that it stands as a valuable cinematic record of this pivotal moment in history.
"
Oppenheimer_Detailed_Character_Study,Oppenheimer,Detailed,Oppenheimer Character Study,"Oppenheimer, directed by Christopher Nolan and released by Universal Pictures in 2023, offers a profound and intricate character study of J. Robert Oppenheimer, the theoretical physicist often referred to as the 'father of the atomic bomb.' Cillian Murphy's portrayal of Oppenheimer captures the complexities and contradictions of a man who was both a brilliant scientist and a deeply conflicted individual. J. Robert Oppenheimer's character is central to the film's narrative, and Murphy's performance is grounded in extensive research and a deep understanding of Oppenheimer's life and legacy. The film explores various facets of Oppenheimer's personality, from his intellectual brilliance and scientific curiosity to his personal struggles and moral dilemmas. Murphy's nuanced portrayal reveals Oppenheimer as a man driven by a passion for knowledge but haunted by the implications of his discoveries. Oppenheimer's early life and academic career are depicted with attention to historical detail. Born in 1904 to a wealthy Jewish family in New York City, Oppenheimer's early years were marked by an intense intellectual curiosity and a precocious talent for science. The film delves into his education at Harvard University, where he studied under prominent physicists and developed a fascination with quantum mechanics. Murphy's performance captures Oppenheimer's youthful enthusiasm and the intense dedication that characterized his academic pursuits. The film also explores Oppenheimer's time at the University of Göttingen in Germany, where he completed his doctoral studies and became deeply involved in the emerging field of quantum physics. Murphy portrays Oppenheimer's interactions with some of the greatest scientific minds of the time, including Niels Bohr and Werner Heisenberg. These scenes highlight Oppenheimer's ability to engage with complex scientific concepts and his burgeoning reputation as a brilliant thinker. As the narrative progresses, the film shifts focus to Oppenheimer's leadership of the Manhattan Project during World War II. This period of Oppenheimer's life is portrayed with a sense of urgency and tension, reflecting the immense pressure and ethical challenges he faced. Murphy's portrayal captures the duality of Oppenheimer's role: he is both a visionary leader, inspiring his team to achieve the seemingly impossible, and a man grappling with the moral implications of creating a weapon of mass destruction. The film delves into Oppenheimer's personal relationships, providing a fuller picture of his character. His complex marriage to Katherine 'Kitty' Oppenheimer, played by Emily Blunt, is depicted with nuance and sensitivity. The film explores Kitty's own struggles and her influence on Oppenheimer's personal and professional life. Murphy and Blunt's on-screen chemistry brings to life the tensions and affections in their relationship, portraying the challenges they faced together. Oppenheimer's relationships with his colleagues and other key figures in the Manhattan Project are also explored. His interactions with General Leslie Groves, played by Matt Damon, reveal a dynamic partnership characterized by mutual respect and occasional conflict. Groves' military pragmatism contrasts with Oppenheimer's scientific idealism, and their collaboration is depicted as a critical element in the success of the Manhattan Project. Murphy's performance captures Oppenheimer's ability to navigate these complex relationships while maintaining his focus on the scientific mission.
One of the most compelling aspects of Murphy's portrayal is the depiction of Oppenheimer's moral and ethical struggles. The film does not shy away from the profound impact that the development and use of the atomic bomb had on Oppenheimer. Murphy's portrayal conveys the weight of responsibility that Oppenheimer felt, particularly in the aftermath of the bombings of Hiroshima and Nagasaki. Scenes depicting Oppenheimer's reflections on the devastation and his famous quote, 'Now I am become Death, the destroyer of worlds,' based on a line from the Bhagavad Gita, highlight his internal conflict and sense of remorse.
The film also examines Oppenheimer's post-war activities, including his advocacy for international control of nuclear weapons and his role in the Atomic Energy Commission. Murphy portrays Oppenheimer's transition from a celebrated war hero to a controversial figure during the Red Scare. His security hearings, where he faced accusations of communist sympathies, are depicted with intensity and drama. These scenes reveal the vulnerabilities and contradictions in Oppenheimer's character, as he navigates a period of political persecution and personal turmoil.
Oppenheimer's intellectual pursuits and philosophical reflections are integral to his character study. The film includes moments that depict his deep engagement with literature, art, and Eastern philosophy. Murphy's portrayal captures Oppenheimer's contemplative nature and his constant search for meaning and understanding. These intellectual and philosophical dimensions add depth to the character, presenting him as a multifaceted individual who grappled with the broader implications of his work.
In summary, Oppenheimer offers a rich and detailed character study of J. Robert Oppenheimer, brought to life through Cillian Murphy's nuanced performance. The film explores Oppenheimer's intellectual brilliance, personal relationships, and moral dilemmas, providing a comprehensive and compelling portrait of a man who played a pivotal role in one of the most significant events of the 20th century. Murphy's portrayal, supported by a well-researched script and strong supporting cast, ensures that Oppenheimer is both a historical document and a deeply human story.
"
Oppenheimer_Detailed_Ensemble_Cast_Performances,Oppenheimer,Detailed,Ensemble Cast and Performances,"Oppenheimer, directed by Christopher Nolan and released by Universal Pictures in 2023, features a stellar ensemble cast that brings depth and authenticity to the film's portrayal of historical events and figures. The cast's performances are pivotal in conveying the complex interpersonal dynamics and high-stakes environment of the Manhattan Project, making the film a compelling and immersive experience.
At the heart of the ensemble is Cillian Murphy, who delivers a captivating performance as J. Robert Oppenheimer. Murphy's portrayal is marked by a deep understanding of Oppenheimer's intellectual brilliance and moral complexities. He captures the physicist's charisma and intensity, portraying both his visionary leadership during the Manhattan Project and his profound ethical struggles. Murphy's ability to convey Oppenheimer's internal conflicts and emotional turmoil is a cornerstone of the film, making his performance both compelling and multifaceted.
Emily Blunt plays Katherine 'Kitty' Oppenheimer, J. Robert Oppenheimer's wife. Blunt's performance brings to life Kitty's strong-willed and complex character. The film explores her struggles with alcoholism and her turbulent relationship with Oppenheimer, providing a nuanced view of their marriage. Blunt's portrayal highlights Kitty's resilience and her pivotal role in Oppenheimer's personal and professional life. Her chemistry with Murphy adds depth to their on-screen relationship, showcasing the emotional highs and lows of their partnership.
Matt Damon portrays General Leslie Groves, the military leader overseeing the Manhattan Project. Damon's performance is marked by a blend of authority and pragmatism, capturing Groves' strategic thinking and his complex relationship with Oppenheimer. The interactions between Groves and Oppenheimer are central to the film, reflecting their mutual respect and occasional conflicts. Damon's portrayal emphasizes Groves' unwavering commitment to the project's success, providing a counterbalance to Oppenheimer's scientific idealism.
Robert Downey Jr. plays Lewis Strauss, a key figure in Oppenheimer's post-war career and a prominent antagonist in the film. Downey's performance is both charismatic and calculating, capturing Strauss' political acumen and his role in Oppenheimer's eventual downfall during the Red Scare. The tension between Strauss and Oppenheimer is depicted with intensity, highlighting the personal and political stakes involved. Downey's portrayal adds a layer of intrigue and conflict to the narrative, enhancing the film's dramatic tension.
The ensemble cast also includes a range of supporting actors who bring historical figures to life with authenticity and depth. Benny Safdie plays Edward Teller, a physicist known for his work on the hydrogen bomb. Safdie's portrayal of Teller captures his intellectual intensity and his complex relationship with Oppenheimer. Their interactions reflect the broader scientific and ethical debates of the time, adding depth to the film's exploration of the Manhattan Project's legacy.
Josh Hartnett appears as Ernest Lawrence, a Nobel Prize-winning physicist and close collaborator of Oppenheimer. Hartnett's performance highlights Lawrence's scientific contributions and his supportive yet occasionally contentious relationship with Oppenheimer. The film depicts their collaboration and the scientific breakthroughs that were pivotal to the project's success.
Florence Pugh plays Jean Tatlock, a psychiatrist and Oppenheimer's lover, whose relationship with him is depicted with emotional intensity and complexity. Pugh's performance brings to life Tatlock's intellectual and emotional connection with Oppenheimer, as well as the personal struggles she faced. The portrayal of their relationship adds a poignant and humanizing dimension to Oppenheimer's character study.
The film also features performances by Rami Malek as David Hill, Kenneth Branagh as Niels Bohr, and Gary Oldman as President Harry S. Truman. Each actor brings authenticity and depth to their roles, contributing to the film's rich tapestry of historical figures. Malek's portrayal of David Hill, a physicist and member of the Manhattan Project, emphasizes the collaborative nature of the scientific endeavor. Branagh's depiction of Niels Bohr, a mentor and friend to Oppenheimer, highlights the intellectual camaraderie and philosophical debates that were central to the project's scientific community. Oldman's brief but impactful appearance as President Truman underscores the political dimensions of the atomic bomb's development and use.
The ensemble cast's performances are complemented by Christopher Nolan's direction, which emphasizes the human stories behind the historical events. Nolan's ability to elicit nuanced performances from his cast ensures that each character is portrayed with depth and authenticity. The film's narrative structure, which weaves together personal and professional aspects of the characters' lives, allows the ensemble cast to shine in both individual and collective scenes.
In summary, Oppenheimer features a remarkable ensemble cast that delivers powerful and nuanced performances. Cillian Murphy's portrayal of J. Robert Oppenheimer is the film's emotional and intellectual anchor, supported by standout performances from Emily Blunt, Matt Damon, Robert Downey Jr., and a host of talented supporting actors. The ensemble's ability to convey the complexities of their characters and the high-stakes environment of the Manhattan Project makes Oppenheimer a compelling and immersive historical drama. The film's success is a testament to the strength of its cast and their ability to bring depth and authenticity to this pivotal moment in history.
"
Oppenheimer_Detailed_Ethical_Moral_Dilemmas,Oppenheimer,Detailed,Ethical and Moral Dilemmas,"Oppenheimer, directed by Christopher Nolan, delves deeply into the ethical and moral dilemmas faced by J. Robert Oppenheimer and his colleagues during the development of the atomic bomb. The film portrays the profound internal conflict experienced by Oppenheimer as he grapples with the consequences of his scientific achievements. One of the central themes is the moral responsibility associated with creating a weapon of mass destruction. The film highlights Oppenheimer's initial excitement and sense of duty towards contributing to the war effort, juxtaposed with his later horror at the devastating power of the atomic bomb, famously captured in his reflection on the Bhagavad Gita: 'Now I am become Death, the destroyer of worlds.' This quote symbolizes his inner turmoil and the weight of his creation.
The narrative also explores the ethical implications of using the atomic bomb on civilian populations in Hiroshima and Nagasaki. Through Oppenheimer's interactions with military and government officials, the film depicts the intense debates and moral considerations surrounding this decision. The tension between scientific advancement and its potential for destruction is a recurring theme, as Oppenheimer's visionary leadership is contrasted with his deep remorse and ethical questioning.
Oppenheimer's post-war activities further underscore these moral dilemmas. His advocacy for international control of nuclear weapons and his role in the Atomic Energy Commission reflect his desire to prevent future atrocities. However, his eventual downfall during the Red Scare, driven by accusations of communist sympathies and political machinations, adds another layer of ethical complexity. The film portrays his security hearings as a crucible where his past decisions and associations are scrutinized, leading to his public disgrace and personal introspection.
In summary, Oppenheimer is a rich exploration of the ethical and moral dilemmas faced by J. Robert Oppenheimer and his contemporaries. The film presents a balanced view of the scientific, political, and personal dimensions of these dilemmas, providing a thought-provoking commentary on the responsibilities and consequences of scientific discovery.
"
Oppenheimer_Detailed_Critical_Reception,Oppenheimer,Detailed,Critical Reception,"Oppenheimer, directed by Christopher Nolan and released by Universal Pictures in 2023, has been the subject of extensive critical analysis and discussion. The film, which chronicles the life of J. Robert Oppenheimer and the development of the atomic bomb, has garnered widespread acclaim for its historical accuracy, narrative complexity, and powerful performances. Critics have praised the film's ability to balance scientific detail with human drama, making it both an educational and emotionally resonant cinematic experience.
Upon its release, Oppenheimer received rave reviews from major film critics and publications. The film's meticulous attention to historical detail and Nolan's skillful direction were highlighted as key strengths. The New York Times lauded the film for its ""riveting portrayal of one of the most significant figures of the 20th century,"" emphasizing the depth of research and authenticity in the depiction of the Manhattan Project. The review praised Nolan's ability to create a film that is ""both intellectually stimulating and emotionally engaging,"" noting that the film's narrative complexity mirrors the intricate nature of its subject matter.
The performances of the ensemble cast, particularly Cillian Murphy's portrayal of J. Robert Oppenheimer, received widespread acclaim. The Guardian described Murphy's performance as ""mesmerizing,"" highlighting his ability to convey Oppenheimer's intellectual brilliance and moral struggles. The review noted that Murphy's nuanced portrayal added a layer of emotional depth to the film, making Oppenheimer a compelling and relatable character. Similarly, Variety praised Murphy for his ""transformative performance,"" which anchors the film's narrative and provides a human face to the scientific and ethical dilemmas depicted.
Emily Blunt's portrayal of Katherine 'Kitty' Oppenheimer also received positive reviews. Critics noted Blunt's ability to bring complexity and nuance to her character, portraying Kitty as both a supportive partner and a woman grappling with her own personal demons. The Hollywood Reporter highlighted Blunt's ""captivating performance,"" which added emotional resonance to the film's exploration of Oppenheimer's personal life. Matt Damon's performance as General Leslie Groves was similarly praised, with critics noting his portrayal of Groves' pragmatic leadership and his dynamic interactions with Murphy's Oppenheimer. The film's exploration of ethical and moral dilemmas was another area of critical acclaim. Critics praised Nolan's ability to present a balanced and nuanced view of Oppenheimer's legacy, addressing both his scientific achievements and the devastating consequences of his work. The Washington Post highlighted the film's ""thought-provoking narrative,"" which encourages viewers to reflect on the ethical implications of scientific advancements. The film's depiction of Oppenheimer's internal conflicts and his famous quote from the Bhagavad Gita, ""Now I am become Death, the destroyer of worlds,"" were noted as powerful moments that encapsulate the weight of his legacy. The film's technical achievements were a significant focus of critical praise. The cinematography by Hoyte van Hoytema was widely celebrated for its use of IMAX and 70mm film, which captured the vast landscapes of New Mexico and the intimate moments of scientific discovery. The Los Angeles Times described the cinematography as ""stunning,"" noting that it added a visual grandeur to the film that complemented its historical scope. The practical effects used to recreate the Trinity test were also highlighted as a key achievement, with critics praising Nolan's commitment to realism and his avoidance of CGI.
Ludwig Göransson's score for Oppenheimer received accolades for its ability to enhance the film's emotional and dramatic impact. The score, which blends orchestral and electronic elements, was described by Rolling Stone as ""haunting and evocative,"" perfectly complementing the film's tone and pacing. Göransson's innovative use of sound design, including the integration of period-specific instruments and archival recordings, was noted as a standout aspect of the film's auditory experience

Despite the overwhelmingly positive reviews, some critics offered more tempered assessments. A few reviewers noted the film's dense narrative and extensive runtime, suggesting that these elements might be challenging for some viewers. However, even these critics acknowledged the film's artistic and historical merits, recognizing its importance as a cinematic portrayal of a pivotal moment in history.

"
Barbie_Detailed_Production_Details,Barbie,Detailed,Production Details,"Barbie, directed by Greta Gerwig and released by Warner Bros. Pictures in 2023, is a vibrant and imaginative film that reimagines the iconic doll for a modern audience. The film's production details reflect a meticulous and creative approach, combining innovative techniques with a deep respect for the source material. The production process involved a dedicated team of designers, artists, and technicians who worked collaboratively to bring the whimsical world of Barbie to life on the big screen.
The film's visual style is one of its most striking elements, characterized by a blend of vibrant colors, playful designs, and intricate details. The production design, overseen by Sarah Greenwood, aimed to create a world that was both fantastical and grounded in reality. Greenwood and her team drew inspiration from various sources, including vintage Barbie dolls, mid-century modern architecture, and contemporary fashion. The result is a visually stunning film that captures the essence of Barbie while offering a fresh and modern take.
The set design for Barbie Land, the primary setting of the film, is a testament to the production team's creativity and attention to detail. The sets were built on a large scale, with life-sized replicas of iconic Barbie locations such as the Dreamhouse, the Malibu Beach, and the Fashion Studio. The Dreamhouse, in particular, was designed to reflect the playful and luxurious lifestyle associated with Barbie. It featured a bright pink exterior, elaborate interiors, and functional elements like a working elevator and a rotating wardrobe. The meticulous craftsmanship and vibrant colors of the sets created an immersive and enchanting environment that brought Barbie Land to life.
Costume design played a crucial role in defining the film's visual identity. Jacqueline Durran, the film's costume designer, collaborated closely with Greta Gerwig to develop a wardrobe that paid homage to Barbie's fashion legacy while introducing contemporary elements. The costumes were designed to reflect the various personas and careers that Barbie has embodied over the years, from glamorous evening gowns to professional attire. Durran's team created over 150 unique outfits for the film, each meticulously crafted with attention to fabric, texture, and accessories. The use of bold colors, intricate patterns, and playful details added depth and authenticity to the characters' appearances.
The film's cast, led by Margot Robbie as Barbie and Ryan Gosling as Ken, contributed significantly to the production's success. Robbie's portrayal of Barbie was informed by a deep understanding of the character's cultural impact and her evolution over the years. Robbie worked closely with Gerwig to capture Barbie's charm, intelligence, and sense of adventure. Gosling's performance as Ken provided a humorous and endearing counterpart to Barbie, adding depth to the film's exploration of gender roles and identity. The chemistry between Robbie and Gosling was palpable, enhancing the film's narrative and emotional resonance.
The visual effects (VFX) in Barbie were handled by a team of experts who blended practical effects with digital enhancements to create a seamless and magical world. The VFX team, led by Rob Legato, focused on maintaining a balance between realism and fantasy. Practical effects, such as miniatures and puppetry, were used for scenes involving Barbie's various pets and vehicles, while digital effects enhanced the more fantastical elements of Barbie Land. The integration of practical and digital effects ensured that the film's visual storytelling remained engaging and believable.
Music and sound design also played a pivotal role in shaping the film's atmosphere. The soundtrack, composed by Alexandre Desplat, featured a mix of original compositions and reimagined versions of classic Barbie songs. Desplat's score added emotional depth and whimsy to the film, complementing the visual elements and enhancing the overall experience. The sound design team, led by Richard King, created a rich auditory landscape that included the sounds of Barbie Land's bustling streets, the waves of Malibu Beach, and the mechanical whirring of the Dreamhouse. The careful layering of sounds contributed to the film's immersive quality.
Greta Gerwig's direction was central to the film's production, guiding the creative vision and ensuring that all elements aligned with the story's themes and tone. Gerwig's background in both acting and writing allowed her to bring a unique perspective to the project, emphasizing character development and narrative coherence. Her collaborative approach fostered a creative environment where the cast and crew could experiment and innovate. Gerwig's attention to detail and commitment to authenticity were evident in every aspect of the film, from the dialogue and performances to the visual and auditory elements.
The film's cinematography, led by Rodrigo Prieto, captured the vibrant and dynamic world of Barbie with precision and creativity. Prieto used a combination of wide-angle lenses, colorful lighting, and dynamic camera movements to create a sense of wonder and excitement. The cinematography emphasized the scale and intricacy of the sets, allowing viewers to fully appreciate the craftsmanship involved. Prieto's work also highlighted the emotional journey of the characters, using close-ups and intimate framing to convey their inner conflicts and growth.
Barbie's production also involved extensive research and collaboration with historians, toy collectors, and cultural experts to ensure that the film honored the legacy of the iconic doll. The production team consulted with Mattel, the company that manufactures Barbie, to access archives and gain insights into the doll's history and cultural impact. This research informed the design choices and narrative decisions, ensuring that the film resonated with both longtime fans and new audiences.
In summary, the production of Barbie was a remarkable achievement that combined innovative design, meticulous craftsmanship, and creative storytelling. The film's visual style, costume design, practical and digital effects, music, and sound design all contributed to creating an immersive and enchanting world. Greta Gerwig's direction, supported by a talented cast and crew, brought a fresh and modern perspective to the beloved character, making Barbie a standout film that celebrates the legacy and evolution of an iconic cultural icon.
"
Barbie_Detailed_Setting_and_Atmosphere,Barbie,Detailed,Setting and Atmosphere,"Barbie, directed by Greta Gerwig and released by Warner Bros. Pictures in 2023, is celebrated for its vibrant and imaginative setting and atmosphere. The film reimagines Barbie Land as a whimsical, colorful, and dynamic world, creating a visual feast that captures the essence of the iconic doll while presenting a fresh and modern take.
The setting of Barbie Land is meticulously designed to reflect both the fantastical elements of Barbie's universe and a sense of nostalgia. The production design, led by Sarah Greenwood, draws inspiration from mid-century modern architecture, vintage Barbie playsets, and contemporary aesthetics. The sets are constructed on a grand scale, with life-sized replicas of iconic locations such as the Dreamhouse, Malibu Beach, and the Fashion Studio. Each location is crafted with attention to detail, from the bright pink exteriors to the intricate interiors, creating an immersive environment that brings Barbie's world to life.
The Dreamhouse, a central location in the film, exemplifies the film's playful and luxurious atmosphere. Designed with vibrant colors and elaborate details, the Dreamhouse features a working elevator, a rotating wardrobe, and various other whimsical elements that evoke the playful spirit of Barbie. The set design reflects Barbie's glamorous lifestyle while incorporating functional and interactive components that enhance the storytelling.
The film's cinematography, led by Rodrigo Prieto, enhances the vibrant and dynamic atmosphere of Barbie Land. Prieto uses a combination of wide-angle lenses, colorful lighting, and dynamic camera movements to capture the scale and intricacy of the sets. The cinematography emphasizes the vivid colors and playful designs, creating a sense of wonder and excitement. Prieto's work also highlights the emotional journey of the characters, using intimate framing to convey their inner conflicts and growth.
The costume design by Jacqueline Durran plays a crucial role in defining the film's atmosphere. The costumes reflect the various personas and careers that Barbie has embodied over the years, from glamorous evening gowns to professional attire. Durran's use of bold colors, intricate patterns, and playful details adds depth and authenticity to the characters' appearances, contributing to the film's overall visual appeal.
Music and sound design also play a significant role in creating the film's atmosphere. Alexandre Desplat's score blends whimsical and emotional elements, complementing the visual style and enhancing the film's tone. The sound design, led by Richard King, includes the bustling sounds of Barbie Land, the waves of Malibu Beach, and the mechanical whirring of the Dreamhouse, creating an immersive auditory experience.
In summary, the setting and atmosphere of Barbie are characterized by vibrant colors, playful designs, and intricate details. The production design, cinematography, costume design, music, and sound design work together to create an immersive and enchanting world that captures the essence of Barbie while presenting a fresh and modern take. Greta Gerwig's direction ensures that the visual and auditory elements align with the story's themes and tone, making Barbie a visually stunning and emotionally engaging film.
"
Barbie_Detailed_Gender_Roles_Societal_Expectations,Barbie,Detailed,Gender Roles and Societal Expectations,"Barbie, directed by Greta Gerwig, critically examines gender roles and societal expectations through its reimagining of the iconic doll. The film challenges traditional notions of femininity and masculinity by portraying Barbie as a multifaceted character who defies stereotypical gender norms. Margot Robbie's Barbie is not just a fashion icon but a symbol of empowerment and self-discovery. The narrative highlights her journey from a state of perfection to one of introspection and growth, emphasizing the importance of authenticity and personal fulfillment over societal expectations. Ryan Gosling's portrayal of Ken adds another layer to this exploration. Ken's character, often overshadowed by Barbie in popular culture, is given depth and agency in the film. His journey mirrors Barbie's as he navigates his identity and role in a world dominated by Barbie's achievements. The dynamic between Barbie and Ken is central to the film, showcasing both comedic and heartfelt moments that reflect broader themes of gender equality and mutual respect. The film also addresses the societal pressures faced by women and men, portraying the diverse experiences of its characters. Barbie's interactions with other female characters, such as her friends and colleagues, highlight the varied ways women navigate their identities and careers. These interactions underscore the film's message of solidarity and the importance of supporting each other's growth and aspirations. Visually, the film uses costume design and set decoration to reinforce these themes. Jacqueline Durran's costumes for Barbie and Ken reflect their evolving identities, with bold and expressive fashion choices that challenge traditional gender norms. The vibrant and whimsical world of Barbie Land, juxtaposed with the more subdued real world, symbolizes the contrast between societal expectations and individual authenticity. In summary, Barbie offers a nuanced and critical examination of gender roles and societal expectations. Through its characters' journeys and interactions, the film promotes a message of empowerment, authenticity, and mutual respect. Greta Gerwig's direction ensures that these themes are woven seamlessly into the narrative, making Barbie a thought-provoking and culturally relevant film.
"
Barbie_Detailed_Character_study,Barbie,Detailed,Barbie Character,"Barbie, directed by Greta Gerwig and released by Warner Bros. Pictures in 2023, offers a nuanced and compelling character study of the iconic doll, reimagined for a contemporary audience. Margot Robbie’s portrayal of Barbie brings depth and complexity to a character often associated with superficiality, exploring themes of identity, empowerment, and self-discovery.
Robbie's Barbie is introduced as a confident and charismatic figure, embodying the perfect blend of beauty, intelligence, and capability that has defined the doll's legacy. However, the film delves deeper into her character, exploring her inner conflicts and vulnerabilities. This layered portrayal allows audiences to see Barbie as more than just a plastic figure but as a multifaceted individual navigating her own journey of self-discovery.
The narrative begins with Barbie living an idealized life in Barbie Land, where everything is perfect and she excels in every role she takes on, from a fashion icon to a professional in various fields. Despite this seemingly perfect existence, Barbie starts to question her identity and purpose. These questions lead her on a journey of self-exploration, where she confronts the pressures and expectations placed on her as an icon.
Robbie’s performance captures Barbie’s transition from a state of confident perfection to a more introspective and self-aware individual. Her interactions with other characters, particularly Ken, played by Ryan Gosling, highlight her evolving understanding of herself and her relationships. The dynamic between Barbie and Ken is central to the film, showcasing both comedic and heartfelt moments as they navigate their identities and roles in each other’s lives.
Barbie’s journey is also marked by her encounters with various characters who challenge her perceptions and contribute to her growth. Florence Pugh’s portrayal of Barbie’s friend and confidante provides a supportive counterpoint to Barbie’s self-exploration, encouraging her to embrace her imperfections and pursue her true passions. This relationship underscores the film’s message about the importance of self-acceptance and personal growth.
The film also addresses the cultural and societal impact of Barbie, reflecting on how the character has influenced generations of children and adults. Barbie’s struggle with her identity is paralleled by broader themes of gender roles and societal expectations. Greta Gerwig’s direction ensures that these themes are woven seamlessly into the narrative, allowing Barbie’s personal journey to resonate on a broader cultural level.
The visual and stylistic elements of the film complement Barbie’s character study. The vibrant and whimsical world of Barbie Land reflects her initial state of perfection, while the more subdued and realistic settings encountered during her journey symbolize her growing self-awareness and maturity. The costume design by Jacqueline Durran further enhances this character study, with Barbie’s wardrobe evolving from extravagant and glamorous to more practical and reflective of her true self.
In summary, Barbie provides a rich and layered character study of the iconic doll, brought to life through Margot Robbie’s nuanced performance. The film explores themes of identity, empowerment, and self-discovery, presenting Barbie as a multifaceted individual navigating her own journey. Robbie’s portrayal, supported by a strong ensemble cast and Greta Gerwig’s insightful direction, ensures that Barbie is both a compelling character and a cultural icon, reimagined for the modern era.
"
Barbie_Detailed_Director_Vision,Barbie,Detailed,Director's Vision,"Barbie, directed by Greta Gerwig and released by Warner Bros. Pictures in 2023, is a testament to Gerwig's distinctive directorial vision. Known for her previous work on critically acclaimed films like 'Lady Bird' and 'Little Women,' Gerwig brings a unique blend of humor, heart, and social commentary to Barbie, reimagining the iconic character in a way that is both modern and reflective of contemporary issues.
Gerwig's vision for Barbie centers around themes of identity, empowerment, and self-discovery. She approached the film with the intent to delve deeper into the character of Barbie, moving beyond her image as a fashion doll and exploring her as a complex individual. Gerwig's direction emphasizes Barbie's journey of self-awareness, as she navigates the pressures of societal expectations and strives to discover her true self. This narrative arc allows the film to resonate with audiences on a personal level, as it addresses universal themes of growth and self-acceptance.
A significant aspect of Gerwig's vision was to create a visually stunning and vibrant world that reflects the fantastical nature of Barbie Land while grounding the story in emotional authenticity. Gerwig collaborated closely with production designer Sarah Greenwood and costume designer Jacqueline Durran to develop a distinctive visual style. The sets are characterized by bold colors, whimsical designs, and intricate details that capture the essence of Barbie's world. The use of vibrant pinks, blues, and other bright hues creates a visually engaging backdrop that enhances the film's playful tone.
Gerwig's attention to detail extends to the film's costume design, which plays a crucial role in character development. Jacqueline Durran's costumes reflect Barbie's various personas and careers, using fashion as a means of expressing Barbie's evolving identity. The wardrobe transitions from extravagant and glamorous outfits to more practical and introspective attire, mirroring Barbie's journey of self-discovery. This evolution in costume design underscores Gerwig's commitment to using visual elements to support the narrative.
The film's narrative structure also reflects Gerwig's directorial style, blending humor with poignant moments of introspection. Gerwig's screenplay, co-written with Noah Baumbach, balances lighthearted and comedic scenes with deeper, thought-provoking themes. The dialogue is sharp and witty, providing both entertainment and insight into the characters' inner lives. Gerwig's ability to infuse humor into serious topics allows the film to address issues such as gender roles, societal expectations, and personal growth in an accessible and engaging way.
Gerwig's direction brings out the best in her cast, led by Margot Robbie as Barbie and Ryan Gosling as Ken. Gerwig's collaborative approach creates an environment where actors can explore their characters fully, resulting in nuanced and compelling performances. Robbie's portrayal of Barbie is both charming and deeply emotional, capturing the character's transformation with authenticity. Gosling's performance adds a humorous and endearing dimension to the film, providing a perfect foil to Robbie's Barbie.
The film's soundtrack, composed by Alexandre Desplat, further enhances Gerwig's vision. The music blends whimsical and emotional elements, complementing the visual style and supporting the film's tone. Desplat's score underscores key moments in the narrative, adding depth and resonance to the characters' journeys.
In summary, Greta Gerwig's vision for Barbie is a masterful blend of humor, heart, and social commentary. Her direction brings a fresh and modern perspective to the iconic character, creating a film that is visually stunning, emotionally engaging, and thematically rich. Gerwig's collaborative approach and attention to detail ensure that Barbie is both a celebration of the character's legacy and a thoughtful exploration of contemporary issues, making it a standout film in her directorial career.
"
Barbie_Detailed_Character_Dynamics,Barbie,Detailed,Character Dynamics,"Barbie, directed by Greta Gerwig, delves deeply into the character dynamics between Barbie, Ken, and the supporting cast, creating a rich and engaging narrative. The interactions between the characters are central to the film's exploration of identity, relationships, and personal growth.
Margot Robbie's Barbie is at the heart of these dynamics, portrayed as a confident yet introspective character. Her relationship with Ryan Gosling's Ken is multifaceted, reflecting both comedic and serious elements. Ken, who initially appears as a secondary character to Barbie, undergoes significant development throughout the film. His quest for identity and purpose mirrors Barbie's own journey, highlighting themes of equality and self-discovery. The chemistry between Robbie and Gosling is palpable, bringing depth and authenticity to their interactions.
The film also features a diverse supporting cast that adds richness to the narrative. Florence Pugh plays Barbie's friend and confidante, providing emotional support and encouraging Barbie to embrace her imperfections. This friendship is a key element of the film, showcasing the importance of solidarity and mutual support among women.
Other characters, such as Barbie's colleagues and rivals, contribute to the dynamic and often humorous interactions that drive the story forward. These relationships are depicted with nuance and complexity, reflecting the varied ways individuals navigate their identities and relationships in both personal and professional contexts.
Visually, the character dynamics are reinforced through costume design and set decoration. Jacqueline Durran's costumes for the characters reflect their personalities and evolution throughout the film. The vibrant and whimsical world of Barbie Land provides a dynamic backdrop for these interactions, enhancing the emotional and narrative impact of the characters' journeys.
In summary, Barbie excels in its portrayal of character dynamics, offering a nuanced and engaging exploration of relationships, identity, and personal growth. Greta Gerwig's direction, combined with strong performances from the cast, ensures that these dynamics are at the forefront of the film, making Barbie a compelling and emotionally resonant story.
"
Barbie_Cultural_Impact,Barbie,Detailed,Cultural Impact,"Barbie, directed by Greta Gerwig and released by Warner Bros. Pictures in 2023, has made a significant cultural impact, reimagining an iconic character for contemporary audiences while addressing relevant social themes. The film has not only rejuvenated the Barbie brand but also sparked important conversations about identity, empowerment, and societal expectations.
One of the film's most notable cultural contributions is its progressive portrayal of Barbie. Historically, Barbie has been both a beloved toy and a subject of controversy, often criticized for promoting unrealistic beauty standards and reinforcing traditional gender roles. Gerwig’s film subverts these criticisms by presenting Barbie as a complex, multi-dimensional character who embarks on a journey of self-discovery. Margot Robbie’s performance highlights Barbie’s strengths and vulnerabilities, portraying her as a role model who embodies both ambition and empathy.
Barbie's cultural impact extends to its exploration of gender roles and feminism. The film delves into the dynamics between Barbie and Ken, played by Ryan Gosling, challenging traditional notions of masculinity and femininity. Ken's character, often overshadowed by Barbie in popular culture, is given depth and agency, highlighting the pressures men face to conform to societal expectations. This nuanced portrayal resonates with audiences and promotes a more inclusive understanding of gender roles.
The film also addresses the broader societal implications of consumer culture and the influence of media on identity. By juxtaposing the fantastical world of Barbie Land with the real world, the narrative explores how media representations shape our perceptions of beauty, success, and happiness. This theme is particularly relevant in the age of social media, where individuals are constantly bombarded with curated images and ideals. Barbie encourages viewers to question these representations and seek authenticity in their own lives.
Barbie’s release was accompanied by a robust marketing campaign that leveraged both traditional and digital media. The film’s trailers, promotional events, and social media campaigns generated significant buzz, attracting a diverse audience that included longtime fans of the Barbie brand and new viewers intrigued by Gerwig’s fresh take. The marketing strategy emphasized the film’s themes of empowerment and self-discovery, resonating with contemporary cultural trends and contributing to its widespread appeal.
The film's visual and stylistic choices have also influenced fashion and design. Jacqueline Durran's costume designs for Barbie have inspired fashion collections and trends, reflecting the film's vibrant and eclectic aesthetic. The use of bold colors, playful patterns, and retro-modern designs in the film has had a ripple effect in the fashion industry, with designers and brands incorporating similar elements into their work. The film’s impact on fashion underscores its role in shaping cultural tastes and aesthetics.
Barbie’s success has sparked discussions about representation and diversity in media. The film features a diverse cast, portraying characters of different races, body types, and backgrounds. This inclusive approach aligns with ongoing efforts in the entertainment industry to promote diversity and representation. By presenting a more inclusive vision of Barbie, the film challenges the monolithic standards of beauty and success traditionally associated with the character, encouraging a broader acceptance of diverse identities.
"