ID,Question,Related Summary,Expected Chunks
1,"What are the main themes explored in Taylor Swift's album ""The Tortured Poets Department,"" and how do they reflect her personal experiences?",Thematic Overview - The Tortured Poets Department,"[""The songs introspect on events from her public and private lives, detailing tumult and sorrow via motifs of self-awareness, mourning, anger, humor, and delusion."", ""The album is rooted in personal songwriting, exploring Swift's introspections on the events in her private and public lives."", ""Heartbreak is the primary topic, expressed via varied themes such as delusion, anger, mourning, and death.""]"
2,"How did the collaboration with Post Malone and Florence Welch enhance the musical diversity of ""The Tortured Poets Department""?",Collaborations and Contributions - The Tortured Poets Department,"[""The Tortured Poets Department consists of 16 standard songs and features two guest acts—the American rapper Post Malone on the lead single 'Fortnight' and the English indie rock band Florence and the Machine, led by the singer-songwriter Florence Welch, on the song 'Florida!!!'."", ""Welch and Malone also co-wrote their respective collaborations with Swift.""]"
3,"What were the critical factors contributing to the commercial success of ""The Tortured Poets Department""?",Commercial Success - The Tortured Poets Department,"[""The album broke various sales and streaming records. It achieved the highest single-day and single-week global streams for an album on Spotify."", ""In the United States, The Tortured Poets Department debuted atop the Billboard 200 with first-week 2.6 million album-equivalent units, including 1.9 million pure sales.""]"
4,"In what ways did Jack Antonoff and Aaron Dessner influence the production style of ""The Tortured Poets Department""?",Production Details - The Tortured Poets Department,"[""Produced with Jack Antonoff and Aaron Dessner, the album is a minimalist synth-pop, folk-pop, and chamber pop effort with rock and country stylings."", ""Swift and Dessner produced the majority of the second volume, which has an acoustic, folk-oriented sound instrumented by picked acoustic guitar, soft piano, and subtle synths.""]"
5,"How did critics' initial reactions to ""The Tortured Poets Department"" evolve over time, and what aspects of the album garnered praise?",Critical Reception - The Tortured Poets Department,"[""The album polarized mainstream critics upon release: most reviews were positive and praised Swift's cathartic songwriting for its emotional resonance and wit, but some found it overlong and lacking profundity."", ""Subsequent assessments appreciated the album's musical and lyrical nuances that emerged upon further listens, and disputed the credibility of the initial critique.""]"
6,"What were the key elements of historical accuracy depicted in Christopher Nolan's film ""Oppenheimer""?",Historical Accuracy - Oppenheimer,"[""The film follows the life of J. Robert Oppenheimer, the American theoretical physicist who helped develop the first nuclear weapons during World War II."", ""It chronicles Oppenheimer's studies, his direction of the Los Alamos Laboratory, and his 1954 security hearing."", ""The film is based on the 2005 biography 'American Prometheus' by Kai Bird and Martin J. Sherwin.""]"
7,How did Cillian Murphy's portrayal of J. Robert Oppenheimer capture the complexities of his character?,Character Study - Oppenheimer,"[""Cillian Murphy stars as Oppenheimer, depicting the physicist's role in developing the atomic bomb and his subsequent moral and ethical dilemmas."", ""Murphy lost weight for the role to better match the real-life Oppenheimer's gaunt appearance."", ""Nolan described Murphy's portrayal as capturing the ambiguity and paradoxical nature of Oppenheimer.""]"
8,"What roles did supporting actors such as Emily Blunt, Matt Damon, and Robert Downey Jr. play in enriching the narrative of ""Oppenheimer""?",Ensemble Cast and Performances - Oppenheimer,"[""Emily Blunt plays Katherine 'Kitty' Oppenheimer, Robert's wife and a former Communist Party USA member."", ""Matt Damon plays Gen. Leslie Groves, the director of the Manhattan Project."", ""Robert Downey Jr. plays Lewis Strauss, a high-ranking member of the US Atomic Energy Commission.""]"
9,"How did the cinematography and practical effects contribute to the authenticity and visual storytelling of ""Oppenheimer""?",Production Details - Oppenheimer,"[""Cinematographer Hoyte van Hoytema used a combination of IMAX 65 mm and 65 mm large-format film, including IMAX black-and-white film photography."", ""Nolan used extensive practical effects, with minimal compositing."", ""The film's visual techniques included recreating the Trinity nuclear test using real explosives.""]"
10,"What ethical and moral dilemmas are explored in ""Oppenheimer,"" and how do they reflect the historical context of the Manhattan Project?",Ethical and Moral Dilemmas - Oppenheimer,"[""The film explores Oppenheimer's guilt and moral dilemmas after the atomic bombings of Hiroshima and Nagasaki."", ""It depicts the ethical conflicts faced by scientists working on the Manhattan Project, including the fear of a chain reaction that could destroy the world."", ""The narrative addresses Oppenheimer's struggle with his role in creating a weapon of mass destruction and its long-term consequences.""]"
11,How does Greta Gerwig's directorial vision redefine the character of Barbie for contemporary audiences?,Director's Vision - Barbie,"[""Greta Gerwig's Barbie is a 2023 fantasy comedy film directed by Greta Gerwig from a screenplay she wrote with Noah Baumbach."", ""The film redefines Barbie by presenting her in a journey of self-discovery, dealing with an existential crisis, and addressing issues of patriarchy and feminism."", ""Gerwig's interpretation emphasizes a utopia where Barbies hold prestigious jobs, contrasting with Kens who play secondary roles.""]"
12,"What are the distinctive visual and stylistic elements used in ""Barbie"" to create its whimsical and modern atmosphere?",Setting and Atmosphere - Barbie,"[""The film employs a vibrant, colorful palette and whimsical set designs inspired by mid-century modernist architecture and the photography of Slim Aarons."", ""The production design includes practical effects, such as painted backdrops and miniature models, to create a tangible yet fantastical atmosphere."", ""Greta Gerwig and her team focused on creating 'authentic artificiality' to maintain a whimsical and modern feel.""]"
13,"In what ways does ""Barbie"" address and challenge traditional gender roles and societal expectations?",Gender Roles and Societal Expectations - Barbie,"[""The film presents a matriarchal society in Barbieland, where Barbies hold prestigious jobs while Kens play secondary roles."", ""Barbie's journey to the real world and her experiences highlight the challenges of societal expectations and gender roles."", ""The narrative includes Barbie addressing and overcoming the unrealistic beauty standards and societal pressures imposed on her.""]"
14,How do the interactions between Barbie and Ken in the film reflect broader cultural and societal themes?,Character Dynamics - Barbie,"[""Ken's desire for a closer relationship with Barbie and his subsequent discovery of patriarchy in the real world reflect broader cultural and societal themes."", ""The film depicts Ken indoctrinating other Kens and taking over Barbieland, which serves as a commentary on gender dynamics and power structures."", ""Barbie's efforts to restore balance and independence among the Barbies highlight themes of solidarity and empowerment.""]"
15,"What impact has ""Barbie"" had on fashion and cultural trends, and how has it influenced contemporary discussions on representation and diversity?",Cultural Impact - Barbie,"[""Barbie has influenced contemporary fashion by incorporating trends from the early 1960s and colorful sportswear from the 1980s."", ""The film's representation of diverse characters and themes of empowerment have sparked discussions on diversity and inclusivity in media."", ""Barbie's various portrayals and the inclusion of different versions of Barbies and Kens reflect contemporary discussions on representation.""]"
16,"How does Taylor Swift's ""The Tortured Poets Department"" reflect her evolution as an artist?",Thematic Overview - The Tortured Poets Department,"[""Swift began writing The Tortured Poets Department shortly after finishing her tenth studio album, Midnights (2022), and continued developing it during the Eras Tour in 2023."", ""Swift began conceiving the album immediately after submitting Midnights to her record label, Republic Records, and continued working on it in secret throughout the U.S. leg of the Eras Tour in 2023.""]"
17,"What production techniques were used in ""The Tortured Poets Department"" to create its unique sound?",Production Details - The Tortured Poets Department,"[""The composition is largely mid-tempo, driven by a mix of synthesizers and drum machines with piano and guitar."", ""The second part of the double album, subtitled The Anthology, mostly consists of chamber pop and folk-pop piano ballads.""]"
18,"How do the themes of ""The Tortured Poets Department"" compare to those of Swift's previous albums?",Thematic Overview - The Tortured Poets Department,"[""Swift included songs from the album in the revamped set list of the Eras Tour, starting in May 2024."", ""The songs introspect on events from her public and private lives, detailing tumult and sorrow via motifs of self-awareness, mourning, anger, humor, and delusion.""]"
19,"What role did Jack Antonoff play in the production of ""The Tortured Poets Department""?",Production Details - The Tortured Poets Department,"[""Produced with Jack Antonoff and Aaron Dessner, the album is a minimalist synth-pop, folk-pop, and chamber pop effort with rock and country stylings."", ""Antonoff played synthesizer, programming, drums, electric guitar, acoustic guitar, piano, and other instruments across various tracks.""]"
20,"How do the lyrics in ""The Tortured Poets Department"" explore the concept of fame?",Thematic Overview - The Tortured Poets Department,"[""She conceived The Tortured Poets Department as an imperative songwriting project amidst the heightened fame and media scrutiny ensuing from the tour."", ""The lyrics evoke vulnerable and devastating sentiments, they also incorporate humor and hyperbole.""]"
21,"What are the critical reception differences between ""The Tortured Poets Department"" and Taylor Swift's earlier albums?",Critical Reception - The Tortured Poets Department,"[""The album polarized mainstream critics upon release: most reviews were positive and praised Swift's cathartic songwriting for its emotional resonance and wit, but some found it overlong and lacking profundity."", ""Subsequent assessments appreciated the album's musical and lyrical nuances that emerged upon further listens, and disputed the credibility of the initial critique.""]"
22,"How did Aaron Dessner's involvement influence the musical direction of ""The Tortured Poets Department""?",Production Details - The Tortured Poets Department,"[""Swift and Dessner produced the majority of the second volume, which has an acoustic, folk-oriented sound instrumented by picked acoustic guitar, soft piano, and subtle synths."", ""Aaron Dessner influenced the album's direction towards a minimalist synth-pop, folk-pop, and chamber pop effort with rock and country stylings.""]"
23,"What impact did ""The Tortured Poets Department"" have on Taylor Swift's career trajectory?",Commercial Success - The Tortured Poets Department,"[""The album broke various sales and streaming records. It achieved the highest single-day and single-week global streams for an album on Spotify."", ""In the United States, The Tortured Poets Department debuted atop the Billboard 200 with first-week 2.6 million album-equivalent units, including 1.9 million pure sales.""]"
24,"How does the album artwork of ""The Tortured Poets Department"" reflect its themes and musical style?",Production Details - The Tortured Poets Department,"[""The cover artwork, photographed by American photographer Beth Garrabrant, is a black-and-white glamor photo shot of Swift lying on a bed wearing black lingerie."", ""Media outlets described the album's visual aesthetic as dark academia.""]"
25,"What specific tracks from ""The Tortured Poets Department"" have been highlighted by critics as standout pieces?",Critical Reception - The Tortured Poets Department,"[""Several tracks feature a more stripped-down instrumentation, driven by piano or guitar, with stylings of varied genres."", ""Tracks such as 'But Daddy I Love Him', 'Guilty as Sin?', 'Down Bad', and 'Fresh Out the Slammer' have been highlighted.""]"
26,"How does ""The Tortured Poets Department"" address the theme of heartbreak differently from Swift's previous albums?",Thematic Overview - The Tortured Poets Department,"[""Heartbreak is the primary topic, expressed via varied themes such as delusion, anger, mourning, and death."", ""While the lyrics evoke vulnerable and devastating sentiments, they also incorporate humor and hyperbole.""]"
27,"What makes the collaborations on ""The Tortured Poets Department"" unique compared to Swift's past works?",Collaborations and Contributions - The Tortured Poets Department,"[""The Tortured Poets Department consists of 16 standard songs and features two guest acts—the American rapper Post Malone on the lead single 'Fortnight' and the English indie rock band Florence and the Machine, led by the singer-songwriter Florence Welch, on the song 'Florida!!!'."", ""Welch and Malone also co-wrote their respective collaborations with Swift.""]"
28,"How did ""The Tortured Poets Department"" perform on streaming platforms compared to other albums by Taylor Swift?",Commercial Success - The Tortured Poets Department,"[""The album broke various sales and streaming records. It achieved the highest single-day and single-week global streams for an album on Spotify."", ""In the United States, The Tortured Poets Department debuted atop the Billboard 200 with first-week 2.6 million album-equivalent units, including 1.9 million pure sales.""]"
29,"What are the lyrical themes explored in the track ""Midnight Revelations"" from ""The Tortured Poets Department""?",Thematic Overview - The Tortured Poets Department,"[""The lyrical themes in 'Midnight Revelations' explore introspection, vulnerability, and the complexity of personal relationships."", ""The song delves into the darker aspects of Swift's emotional journey, highlighting themes of self-awareness and personal growth.""]"
30,"How does ""The Tortured Poets Department"" compare to Taylor Swift's ""Folklore"" in terms of thematic content and musical style?",Thematic Overview - The Tortured Poets Department,"[""'The Tortured Poets Department' is rooted in personal songwriting, exploring Swift's introspections on the events in her private and public lives."", ""'Folklore' and 'The Tortured Poets Department' both feature minimalist and folk-pop influences, but 'The Tortured Poets Department' incorporates more synth-pop elements.""]"
31,"What influence did Taylor Swift's personal experiences have on the creation of ""The Tortured Poets Department""?",Thematic Overview - The Tortured Poets Department,"[""Swift began writing 'The Tortured Poets Department' shortly after finishing her tenth studio album, Midnights (2022), and continued developing it during the Eras Tour in 2023."", ""The songs introspect on events from her public and private lives, detailing tumult and sorrow via motifs of self-awareness, mourning, anger, humor, and delusion.""]"
32,"What elements of ""The Tortured Poets Department"" have been praised for their artistic ambition?",Critical Reception - The Tortured Poets Department,"[""The album polarized mainstream critics upon release: most reviews were positive and praised Swift's cathartic songwriting for its emotional resonance and wit, but some found it overlong and lacking profundity."", ""Subsequent assessments appreciated the album's musical and lyrical nuances that emerged upon further listens, and disputed the credibility of the initial critique.""]"
33,"How did the recording locations contribute to the sound and production of ""The Tortured Poets Department""?",Production Details - The Tortured Poets Department,"[""The album was recorded in various studios including Audu (Brooklyn), Big Mercy (New York City), Conway Recording (Hollywood), and Electric Lady (New York City)."", ""The diverse recording locations contributed to the album's eclectic sound and production quality.""]"
34,"How does ""The Tortured Poets Department"" explore the theme of self-discovery?",Thematic Overview - The Tortured Poets Department,"[""The songs introspect on events from her public and private lives, detailing tumult and sorrow via motifs of self-awareness, mourning, anger, humor, and delusion."", ""Swift considered the album a cathartic exercise and described the content as 'fatalistic' with overarching themes of 'longing, pining, lost dreams'.""]"
35,"What makes ""The Tortured Poets Department"" a significant addition to Taylor Swift's discography?",Critical Reception - The Tortured Poets Department,"[""The album broke various sales and streaming records. It achieved the highest single-day and single-week global streams for an album on Spotify."", ""In the United States, The Tortured Poets Department debuted atop the Billboard 200 with first-week 2.6 million album-equivalent units, including 1.9 million pure sales.""]"
36,"What historical events are depicted in Christopher Nolan's ""Oppenheimer""?",Historical Accuracy - Oppenheimer,"[""The film covers key events such as Oppenheimer's studies, the discovery of nuclear fission, the development of the atomic bomb, and the Trinity test."", ""It also includes Oppenheimer's 1954 security hearing and his interactions with notable figures like General Leslie Groves and Lewis Strauss.""]"
37,"How does ""Oppenheimer"" portray the ethical dilemmas faced by scientists during the Manhattan Project?",Ethical and Moral Dilemmas - Oppenheimer,"[""The film highlights the internal conflicts of scientists like Oppenheimer and Edward Teller, who grappled with the potential global consequences of their work."", ""It addresses the debate among scientists about the use of the atomic bomb and its moral implications.""]"
38,"What were the main contributions of General Leslie Groves to the Manhattan Project as depicted in ""Oppenheimer""?",Ensemble Cast and Performances - Oppenheimer,"[""General Leslie Groves, played by Matt Damon, is shown as the director of the Manhattan Project and the person who recruits Oppenheimer to lead the Los Alamos Laboratory."", ""Groves' leadership and decisions are portrayed as pivotal to the project's success.""]"
39,"How does ""Oppenheimer"" address the impact of the atomic bomb on Oppenheimer's personal life and career?",Character Study - Oppenheimer,"[""The film shows Oppenheimer's initial triumph followed by deep guilt and moral questioning after the bombings of Hiroshima and Nagasaki."", ""It depicts the long-term consequences on his personal life, including his 1954 security hearing and the revocation of his security clearance.""]"
40,"What are the visual techniques used in ""Oppenheimer"" to depict the Trinity test?",Production Details - Oppenheimer,"[""The Trinity test was recreated using real explosives, forgoing the use of computer-generated graphics."", ""The scene involved intricate practical effects to simulate the explosion, contributing to the film's authenticity.""]"
41,"How does ""Oppenheimer"" depict the political climate during the Red Scare and its effect on Oppenheimer?",Ethical and Moral Dilemmas - Oppenheimer,"[""The film portrays Oppenheimer's security hearing in 1954, highlighting the political climate of the Red Scare and the exploitation of his past communist ties."", ""It shows the impact of the Red Scare on his career and public image.""]"
42,"What are the central themes explored in ""Oppenheimer,"" and how do they reflect historical events?",Historical Accuracy - Oppenheimer,"[""The central themes include scientific responsibility, the moral implications of creating the atomic bomb, and the personal and political consequences faced by Oppenheimer."", ""The film reflects historical events through these themes, emphasizing the ethical dilemmas of the Manhattan Project.""]"
43,"How did Christopher Nolan's direction contribute to the authenticity of ""Oppenheimer""?",Production Details - Oppenheimer,"[""Nolan's use of practical effects and commitment to historical accuracy contributed significantly to the film's authenticity."", ""His decision to alternate between color and black-and-white scenes provided both subjective and objective perspectives on Oppenheimer's life.""]"
44,"What role does music play in enhancing the narrative of ""Oppenheimer""?",Production Details - Oppenheimer,"[""Ludwig Göransson composed the score, using the violin to reflect Oppenheimer's central theme."", ""The music enhances the emotional depth and tension of the narrative, supporting the film's dramatic and historical elements.""]"
45,"How does ""Oppenheimer"" explore the theme of scientific responsibility?",Ethical and Moral Dilemmas - Oppenheimer,"[""The film delves into Oppenheimer's internal conflict about his role in creating the atomic bomb and the ethical responsibility that comes with such power."", ""It portrays the broader theme of scientific responsibility through the actions and decisions of the scientists involved in the Manhattan Project.""]"
46,What elements of J. Robert Oppenheimer's personality are highlighted in Cillian Murphy's portrayal?,Character Study - Oppenheimer,"[""Murphy's portrayal highlights Oppenheimer's intellectual brilliance, moral complexity, and the personal guilt he felt after the bombings."", ""The film also emphasizes his leadership qualities and his struggle with the ethical implications of his work.""]"
47,"How does ""Oppenheimer"" depict the collaboration among scientists during the Manhattan Project?",Historical Accuracy - Oppenheimer,"[""The film shows the assembly of a team including scientists like Hans Bethe, Edward Teller, Enrico Fermi, and Leo Szilard."", ""It portrays the collaborative efforts and the scientific challenges they faced during the development of the atomic bomb.""]"
48,"What were the critical reception highlights of ""Oppenheimer""?",Critical Reception - Oppenheimer,"[""Oppenheimer received critical acclaim, winning several Academy Awards including Best Picture and Best Director for Nolan."", ""The film was praised for its historical accuracy, emotional depth, and strong performances, particularly by Cillian Murphy and Robert Downey Jr.""]"
49,"How does ""Oppenheimer"" address the personal and professional conflicts faced by J. Robert Oppenheimer?",Character Study - Oppenheimer,"[""The film explores Oppenheimer's personal conflicts, such as his guilt over the atomic bomb and his complicated relationships with his colleagues and family."", ""It also addresses his professional struggles during the 1954 security hearing and his eventual public disgrace.""]"
50,"What role did supporting characters play in shaping the narrative of ""Oppenheimer""?",Ensemble Cast and Performances - Oppenheimer,"[""Supporting characters like General Leslie Groves, Katherine 'Kitty' Oppenheimer, and Lewis Strauss play crucial roles in depicting the various facets of Oppenheimer's life."", ""Their interactions with Oppenheimer help to highlight the personal and political challenges he faced.""]"
51,"How did the production design of ""Oppenheimer"" enhance the historical authenticity of the film?",Production Details - Oppenheimer,"[""The production design included constructing historically accurate sets, such as a 1940s-era Los Alamos and using real locations like the University of California, Berkeley."", ""Attention to detail in the set design and period-accurate props contributed to the film's authenticity.""]"
52,"What impact did ""Oppenheimer"" have on public perceptions of the Manhattan Project and its legacy?",Historical Accuracy - Oppenheimer,"[""The film renewed public interest in the ethical and moral debates surrounding the Manhattan Project and the use of atomic weapons."", ""It sparked discussions on scientific responsibility and the long-term consequences of nuclear warfare.""]"
53,"How does ""Oppenheimer"" explore the theme of remorse and redemption in Oppenheimer's later life?",Ethical and Moral Dilemmas - Oppenheimer,"[""The film portrays Oppenheimer's remorse over the devastation caused by the atomic bomb and his efforts to advocate for nuclear disarmament."", ""It shows his struggle for redemption through his later work and public statements against further nuclear development.""]"
54,"What are the visual and narrative techniques used in ""Oppenheimer"" to depict Oppenheimer's inner conflicts?",Character Study - Oppenheimer,"[""Nolan alternates between color and black-and-white scenes to convey different perspectives and highlight Oppenheimer's inner turmoil."", ""The film uses close-ups, dramatic lighting, and intense musical scores to depict his emotional and psychological struggles.""]"
55,"How does ""Oppenheimer"" balance scientific detail with emotional storytelling?",Production Details - Oppenheimer,"[""The film provides detailed explanations of the scientific principles behind the atomic bomb while focusing on the emotional and ethical dilemmas faced by the characters."", ""This balance enhances the narrative, making it accessible and engaging for a wide audience.""]"
56,"How does Greta Gerwig's ""Barbie"" challenge traditional portrayals of the iconic doll?",Director's Vision - Barbie,"[""Greta Gerwig's Barbie challenges traditional portrayals by presenting a more complex and humanized version of the iconic doll."", ""The film addresses controversial aspects of Barbie, such as unrealistic beauty standards, while also celebrating her as a symbol of empowerment."", ""Gerwig's vision includes Barbie confronting her own identity and societal expectations, ultimately choosing to become human.""]"
57,"What are the distinctive visual elements that make ""Barbie"" stand out?",Setting and Atmosphere - Barbie,"[""The film's use of vibrant colors, practical effects, and mid-century modernist architectural designs make it visually distinctive."", ""The extensive use of pink, particularly Pantone 219, and the tactile nature of the sets contribute to the film's unique visual style."", ""Greta Gerwig's direction emphasizes 'authentic artificiality,' creating a whimsical and engaging visual experience.""]"
58,"How does ""Barbie"" address the pressures of societal expectations on women?",Gender Roles and Societal Expectations - Barbie,"[""Barbie's journey in the real world highlights the pressures of societal expectations on women, such as beauty standards and gender roles."", ""The film portrays Barbie dealing with an existential crisis triggered by these pressures and finding her own identity."", ""Barbie's interactions with characters like Gloria and Sasha emphasize the challenges women face in balancing societal expectations and personal fulfillment.""]"
59,"What role does Ken play in the narrative of ""Barbie,"" and how does his character evolve?",Character Dynamics - Barbie,"[""Ken starts as a secondary character seeking approval from Barbie but evolves by discovering patriarchy in the real world."", ""He persuades the other Kens to take over Barbieland, indoctrinating the Barbies into submissive roles."", ""Ken's journey includes learning to find his own identity separate from Barbie, reflecting broader themes of self-discovery and empowerment.""]"
60,"How does ""Barbie"" incorporate contemporary fashion trends into its visual style?",Cultural Impact - Barbie,"[""The film's costume design incorporates elements from early 1960s French Riviera fashion and colorful 1980s sportswear."", ""Barbie's wardrobe reflects a blend of vintage and modern styles, with influences from iconic fashion figures like Brigitte Bardot."", ""The use of practical effects and period-accurate clothing contributes to the film's distinctive and contemporary visual style.""]"
61,"What impact has ""Barbie"" had on discussions about representation and diversity in media?",Cultural Impact - Barbie,"[""Barbie's diverse cast and portrayal of various versions of Barbies and Kens have sparked discussions on representation and diversity in media."", ""The film's themes of empowerment and challenging societal norms resonate with contemporary audiences and promote inclusivity."", ""Barbie's narrative includes addressing and overcoming the unrealistic beauty standards and societal pressures imposed on her.""]"
62,"How does the soundtrack of ""Barbie"" enhance the film's themes and atmosphere?",Director's Vision - Barbie,"[""The soundtrack, curated by Mark Ronson, includes a mix of contemporary and nostalgic songs that enhance the film's whimsical and modern atmosphere."", ""Songs like 'Dance the Night' by Dua Lipa and 'Barbie World' by Nicki Minaj and Ice Spice reflect the film's vibrant and playful tone."", ""The music complements the visual style and themes of self-discovery, empowerment, and societal commentary.""]"
63,"What are the key messages about identity and empowerment conveyed in ""Barbie""?",Director's Vision - Barbie,"[""The film emphasizes the importance of self-discovery and finding one's own identity beyond societal expectations."", ""Barbie's journey from a perfect doll to a human being reflects themes of empowerment and embracing imperfections."", ""The narrative encourages audiences to challenge traditional gender roles and celebrate individuality and diversity.""]"
64,How do the interactions between Barbie and her friends reflect themes of solidarity and mutual support?,Character Dynamics - Barbie,"[""Barbie's relationships with characters like Gloria, Sasha, and the other Barbies highlight themes of solidarity and mutual support."", ""The film depicts the Barbies working together to overcome the Kens' takeover and restore balance in Barbieland."", ""These interactions emphasize the importance of female friendships and collective empowerment.""]"
65,"What role does nostalgia play in the design and narrative of ""Barbie""?",Setting and Atmosphere - Barbie,"[""Nostalgia is a key element in the film's design, with visual references to vintage Barbie dolls and mid-century modernist architecture."", ""The narrative includes homage to classic Technicolor musicals and elements from Barbie's history, appealing to both older and younger audiences."", ""Gerwig's direction balances nostalgic references with contemporary themes, creating a film that resonates across generations.""]"