ID,Question,Related Summary
1,"What are the main themes explored in Taylor Swift's album ""The Tortured Poets Department,"" and how do they reflect her personal experiences?",Thematic Overview - The Tortured Poets Department
2,"How did the collaboration with Post Malone and Florence Welch enhance the musical diversity of ""The Tortured Poets Department""?",Collaborations and Contributions - The Tortured Poets Department
3,"What were the critical factors contributing to the commercial success of ""The Tortured Poets Department""?",Commercial Success - The Tortured Poets Department
4,"In what ways did Jack Antonoff and Aaron Dessner influence the production style of ""The Tortured Poets Department""?",Production Details - The Tortured Poets Department
5,"How did critics' initial reactions to ""The Tortured Poets Department"" evolve over time, and what aspects of the album garnered praise?",Critical Reception - The Tortured Poets Department
6,"What were the key elements of historical accuracy depicted in Christopher Nolan's film ""Oppenheimer""?",Historical Accuracy - Oppenheimer
7,How did Cillian Murphy's portrayal of J. Robert Oppenheimer capture the complexities of his character?,Character Study - Oppenheimer
8,"What roles did supporting actors such as Emily Blunt, Matt Damon, and Robert Downey Jr. play in enriching the narrative of ""Oppenheimer""?",Ensemble Cast and Performances - Oppenheimer
9,"How did the cinematography and practical effects contribute to the authenticity and visual storytelling of ""Oppenheimer""?",Production Details - Oppenheimer
10,"What ethical and moral dilemmas are explored in ""Oppenheimer,"" and how do they reflect the historical context of the Manhattan Project?",Ethical and Moral Dilemmas - Oppenheimer
11,How does Greta Gerwig's directorial vision redefine the character of Barbie for contemporary audiences?,Director's Vision - Barbie
12,"What are the distinctive visual and stylistic elements used in ""Barbie"" to create its whimsical and modern atmosphere?",Setting and Atmosphere - Barbie
13,"In what ways does ""Barbie"" address and challenge traditional gender roles and societal expectations?",Gender Roles and Societal Expectations - Barbie
14,How do the interactions between Barbie and Ken in the film reflect broader cultural and societal themes?,Character Dynamics - Barbie
15,"What impact has ""Barbie"" had on fashion and cultural trends, and how has it influenced contemporary discussions on representation and diversity?",Cultural Impact - Barbie
16,"How does Taylor Swift's ""The Tortured Poets Department"" reflect her evolution as an artist?",Thematic Overview - The Tortured Poets Department
17,"What production techniques were used in ""The Tortured Poets Department"" to create its unique sound?",Production Details - The Tortured Poets Department
18,"How do the themes of ""The Tortured Poets Department"" compare to those of Swift's previous albums?",Thematic Overview - The Tortured Poets Department
19,"What role did Jack Antonoff play in the production of ""The Tortured Poets Department""?",Production Details - The Tortured Poets Department
20,"How do the lyrics in ""The Tortured Poets Department"" explore the concept of fame?",Thematic Overview - The Tortured Poets Department
21,"What are the critical reception differences between ""The Tortured Poets Department"" and Taylor Swift's earlier albums?",Critical Reception - The Tortured Poets Department
22,"How did Aaron Dessner's involvement influence the musical direction of ""The Tortured Poets Department""?",Production Details - The Tortured Poets Department
23,"What impact did ""The Tortured Poets Department"" have on Taylor Swift's career trajectory?",Commercial Success - The Tortured Poets Department
24,"How does the album artwork of ""The Tortured Poets Department"" reflect its themes and musical style?",Production Details - The Tortured Poets Department
25,"What specific tracks from ""The Tortured Poets Department"" have been highlighted by critics as standout pieces?",Critical Reception - The Tortured Poets Department
26,"How does ""The Tortured Poets Department"" address the theme of heartbreak differently from Swift's previous albums?",Thematic Overview - The Tortured Poets Department
27,"What makes the collaborations on ""The Tortured Poets Department"" unique compared to Swift's past works?",Collaborations and Contributions - The Tortured Poets Department
28,"How did ""The Tortured Poets Department"" perform on streaming platforms compared to other albums by Taylor Swift?",Commercial Success - The Tortured Poets Department
29,"What are the lyrical themes explored in the track ""Midnight Revelations"" from ""The Tortured Poets Department""?",Thematic Overview - The Tortured Poets Department
30,"How does ""The Tortured Poets Department"" compare to Taylor Swift's ""Folklore"" in terms of thematic content and musical style?",Thematic Overview - The Tortured Poets Department
31,"What influence did Taylor Swift's personal experiences have on the creation of ""The Tortured Poets Department""?",Thematic Overview - The Tortured Poets Department
32,"What elements of ""The Tortured Poets Department"" have been praised for their artistic ambition?",Critical Reception - The Tortured Poets Department
33,"How did the recording locations contribute to the sound and production of ""The Tortured Poets Department""?",Production Details - The Tortured Poets Department
34,"How does ""The Tortured Poets Department"" explore the theme of self-discovery?",Thematic Overview - The Tortured Poets Department
35,"What makes ""The Tortured Poets Department"" a significant addition to Taylor Swift's discography?",Critical Reception - The Tortured Poets Department
36,"What historical events are depicted in Christopher Nolan's ""Oppenheimer""?",Historical Accuracy - Oppenheimer
37,"How does ""Oppenheimer"" portray the ethical dilemmas faced by scientists during the Manhattan Project?",Ethical and Moral Dilemmas - Oppenheimer
38,"What were the main contributions of General Leslie Groves to the Manhattan Project as depicted in ""Oppenheimer""?",Ensemble Cast and Performances - Oppenheimer
39,"How does ""Oppenheimer"" address the impact of the atomic bomb on Oppenheimer's personal life and career?",Character Study - Oppenheimer
40,"What are the visual techniques used in ""Oppenheimer"" to depict the Trinity test?",Production Details - Oppenheimer
41,"How does ""Oppenheimer"" depict the political climate during the Red Scare and its effect on Oppenheimer?",Ethical and Moral Dilemmas - Oppenheimer
42,"What are the central themes explored in ""Oppenheimer,"" and how do they reflect historical events?",Historical Accuracy - Oppenheimer
43,"How did Christopher Nolan's direction contribute to the authenticity of ""Oppenheimer""?",Production Details - Oppenheimer
44,"What role does music play in enhancing the narrative of ""Oppenheimer""?",Production Details - Oppenheimer
45,"How does ""Oppenheimer"" explore the theme of scientific responsibility?",Ethical and Moral Dilemmas - Oppenheimer
46,What elements of J. Robert Oppenheimer's personality are highlighted in Cillian Murphy's portrayal?,Character Study - Oppenheimer
47,"How does ""Oppenheimer"" depict the collaboration among scientists during the Manhattan Project?",Historical Accuracy - Oppenheimer
48,"What were the critical reception highlights of ""Oppenheimer""?",Critical Reception - Oppenheimer
49,"How does ""Oppenheimer"" address the personal and professional conflicts faced by J. Robert Oppenheimer?",Character Study - Oppenheimer
50,"What role did supporting characters play in shaping the narrative of ""Oppenheimer""?",Ensemble Cast and Performances - Oppenheimer
51,"How did the production design of ""Oppenheimer"" enhance the historical authenticity of the film?",Production Details - Oppenheimer
52,"What impact did ""Oppenheimer"" have on public perceptions of the Manhattan Project and its legacy?",Historical Accuracy - Oppenheimer
53,"How does ""Oppenheimer"" explore the theme of remorse and redemption in Oppenheimer's later life?",Ethical and Moral Dilemmas - Oppenheimer
54,"What are the visual and narrative techniques used in ""Oppenheimer"" to depict Oppenheimer's inner conflicts?",Character Study - Oppenheimer
55,"How does ""Oppenheimer"" balance scientific detail with emotional storytelling?",Production Details - Oppenheimer
56,"How does Greta Gerwig's ""Barbie"" challenge traditional portrayals of the iconic doll?",Director's Vision - Barbie
57,"What are the distinctive visual elements that make ""Barbie"" stand out?",Setting and Atmosphere - Barbie
58,"How does ""Barbie"" address the pressures of societal expectations on women?",Gender Roles and Societal Expectations - Barbie
59,"What role does Ken play in the narrative of ""Barbie,"" and how does his character evolve?",Character Dynamics - Barbie
60,"How does ""Barbie"" incorporate contemporary fashion trends into its visual style?",Cultural Impact - Barbie
61,"What impact has ""Barbie"" had on discussions about representation and diversity in media?",Cultural Impact - Barbie
62,"How does the soundtrack of ""Barbie"" enhance the film's themes and atmosphere?",Director's Vision - Barbie
63,"What are the key messages about identity and empowerment conveyed in ""Barbie""?",Director's Vision - Barbie
64,How do the interactions between Barbie and her friends reflect themes of solidarity and mutual support?,Character Dynamics - Barbie
65,"What role does nostalgia play in the design and narrative of ""Barbie""?",Setting and Atmosphere - Barbie